date,week,econ_index,spend_TV,spend_Social,spend_Search,spend_Display,spend_Email,adstock_TV,adstock_Social,adstock_Search,adstock_Display,adstock_Email,saturated_TV,saturated_Social,saturated_Search,saturated_Display,saturated_Email,promo_Caribbean,promo_discount_Caribbean,promo_Mediterranean,promo_discount_Mediterranean,promo_Fjords,promo_discount_Fjords,bookings_Caribbean,bookings_Mediterranean,bookings_Fjords
2019-01-07,1,0.9893051067324096,402.94017110688185,97.92603548243223,144.73154906872495,48.24397282288115,53.32270245387209,402.94017110688185,97.92603548243223,144.73154906872495,48.24397282288115,53.32270245387209,0.009973040808426958,0.009697638419843484,0.01191722916920491,0.00599434770936247,0.025968983048863938,0,0.0,0,0.0,0,0.0,136,120,103
2019-01-14,2,0.994806721428568,418.16820351485114,91.28682798964728,138.1836793384917,30.40588240479799,14.281943154494193,700.2263232896685,140.2498457308634,196.07629896598166,52.11567017509451,24.946483645268614,0.017204482297656948,0.01383100494214251,0.016076998385341816,0.006472295271183213,0.012319576762522854,0,0.0,0,0.0,1,0.08968169787233415,148,108,109
2019-01-21,3,0.9906383973129046,350.9224088900868,88.86389744321241,135.83681337920436,54.48290350184456,12.729160934792525,841.0808351928547,158.9888203086441,214.26733296559703,77.93495508063708,17.718457663846248,0.020593990609281163,0.01565006351722846,0.01754238114531045,0.009647880988645458,0.008781432115341317,0,0.0,0,0.0,0,0.0,137,101,96
2019-01-28,4,0.997716469133226,346.0067440072995,90.99619224841132,171.31739597354937,42.33835853993302,40.80829279490327,934.7633286422978,170.49060240273337,257.0243291597882,77.40908832621972,44.35198432767252,0.022835439920285024,0.01676326237029861,0.02096955364185094,0.009583405703456853,0.02169488653014837,0,0.0,0,0.0,0,0.0,157,109,104
2019-02-04,5,1.003359079894327,421.2681513058044,81.68734525043467,120.11581389978531,51.47645926901843,13.884624837491394,1075.6024813554127,166.93264645180136,222.92554556370058,86.3105490158173,22.755021703025896,0.02618592099394375,0.016419175011458335,0.01823831330172924,0.010673662419052423,0.011249519323337372,0,0.0,0,0.0,0,0.0,151,105,118
2019-02-11,6,0.9986366980724688,384.63946581693585,98.2652757641764,143.225166849241,46.54520921780159,14.482104174160467,1137.5612027657248,181.7315989900771,232.39538507472122,85.38495627491938,19.033108514765647,0.02765261647764489,0.017848790966764727,0.01899835459523136,0.010560407047614186,0.009426843192663998,0,0.0,0,0.0,0,0.0,182,127,81
2019-02-18,7,1.0032142335652092,393.22972327845724,94.22376579375525,429.4131786080249,54.58757216630651,14.176873118953928,1189.5225652144645,185.08956528879378,522.3713326379134,93.01080249002023,17.98349482190706,0.028879251108849823,0.018172600653369477,0.04171504891221531,0.011492731785481256,0.008911616407196708,0,0.0,0,0.0,0,0.0,179,131,86
2019-02-25,8,1.0074692206067188,333.9749008760131,61.902160525430205,139.79364556412676,47.078298068204205,8.652688090816483,1166.6406965261383,154.44694316982708,348.74217861929213,88.9331591887133,12.249387055197895,0.028339467996099706,0.01520978385471919,0.028241109383845348,0.01099442379341319,0.006087410006929665,0,0.0,0,0.0,0,0.0,191,145,92
2019-03-04,9,1.00531620485807,253.2976555568033,79.09035505966177,146.91781655190252,42.029087511959915,9.402042414977199,1069.9461431251002,156.31382664457533,286.4146879996194,82.0490091468809,11.851919826016779,0.02605180292655932,0.01539080313120041,0.023311494465457543,0.010152005890340644,0.0058910497881184635,0,0.0,0,0.0,0,0.0,192,139,95
2019-03-11,10,1.006908932353399,856.6761264300873,81.10112931842603,84.22375953718392,48.867364268449094,9.22259467258953,1605.6384266176574,159.2580426407137,198.7896347370317,85.78941838454551,11.592978637792886,0.03859184685868041,0.015676148983741877,0.016295849071039165,0.01060990015266627,0.005763083665982668,1,0.05923117171338395,0,0.0,0,0.0,202,147,78
2019-03-18,11,1.0097929976099487,263.61778786980653,73.97891547698556,136.47723811863733,41.97250665795811,10.145616324022061,1387.5646865021665,153.6079367973424,215.99309201345,80.5777449310036,12.464212051580638,0.03352612546818191,0.015128409305687011,0.017681173391843316,0.009971780171479757,0.006193507430809991,0,0.0,1,0.11484921117274985,0,0.0,181,157,77
2019-03-25,12,1.0128347250789873,343.58902457398,71.57536287347178,114.10208136124017,111.4715904216143,10.391582908269834,1314.8843051254964,148.37933127214296,200.49931816662018,147.73157564056592,12.884425318585961,0.0318259224790416,0.014620987886697665,0.01643369774776967,0.018131620349674003,0.006400976209325431,0,0.0,0,0.0,1,0.10146294189886834,178,145,90
2019-04-01,13,1.009287214409107,324.53202363071983,88.0099113807148,142.44923378296141,32.04602696094943,11.46799986221742,1244.9510372185673,162.1995770167863,222.6489610496095,98.5252359992041,14.044884925934612,0.030184325739534758,0.015961069824255665,0.01821609716184549,0.01216582440976341,0.006973471659471534,0,0.0,0,0.0,0,0.0,249,192,91
2019-04-08,14,1.0139887209627014,258.3961358120059,93.4123980191854,129.04498789265614,49.29650328609134,11.053175587825415,1129.861861865003,174.51218652757854,218.10457231249995,93.63285948573318,13.862152573012338,0.027470597048432934,0.017151897145364484,0.01785093350786567,0.011568706057131752,0.006883367143724981,0,0.0,0,0.0,0,0.0,265,154,91
2019-04-15,15,1.015110945223079,362.58573489665883,91.89815393076489,121.95054260669126,51.334671905635815,13.923979152639873,1153.4890382021608,179.15424719455416,209.19237153169126,93.46945867421574,16.696409667242342,0.028028948824518726,0.017600111251279082,0.017134005687343207,0.011548750403208033,0.008279089300306373,0,0.0,0,0.0,0,0.0,239,182,85
2019-04-22,16,1.0157211759092022,417.052857743206,85.19063174559409,440.6163258841706,35.30042232564369,11.618271131540396,1224.4951844847185,174.76775534287117,524.2932744968471,77.36167872904078,14.957553064988865,0.02970309712720437,0.017176584227300805,0.041862104551995974,0.009577592511768459,0.0074232596325598315,0,0.0,0,0.0,1,0.11395917565042508,217,228,113
2019-04-29,17,0.9991393818053518,297.4197958784007,113.38909478924205,121.7866568486399,43.77777553818084,12.90331719996268,1154.5664250177038,200.77297246067764,331.5039666473787,78.59053096624919,15.894827812960454,0.028054394088230444,0.019682133207229516,0.026882687427582784,0.00972824785029045,0.00788475053046528,0,0.0,0,0.0,0,0.0,234,196,92
2019-05-06,18,1.0086386464860924,281.3027716245428,69.81673136305506,141.8219208716187,47.79319128031412,12.84864445381586,1089.4992691369355,170.20321759339387,274.4235075305702,83.15893021512625,16.02761001640795,0.02651527247875902,0.0167354785299629,0.022357343899874944,0.010287924675620976,0.00795009450107556,0,0.0,0,0.0,0,0.0,238,207,103
2019-05-13,19,1.001839144774999,372.01047602067445,96.09838849061796,123.92348826332524,47.60255051041092,24.89199150696883,1134.6599644165292,181.1999972873149,233.69289127555334,85.02406910721774,28.09751351025042,0.027584036561820735,0.017797508872784536,0.0191023996885038,0.010516241928344248,0.013854123543408411,1,0.07227776131520419,0,0.0,0,0.0,241,182,107
2019-05-20,20,1.0060423967887793,308.03231411713546,106.48099401402794,165.42968719334397,40.816861969818895,9.550011608367086,1102.2942892087058,197.08099265768539,258.9068437035653,79.07769306806688,15.16951431041717,0.026818315334239385,0.019327196949753735,0.021119896496851625,0.009787960466813727,0.007527661669498865,0,0.0,0,0.0,0,0.0,253,197,102
2019-05-27,21,1.0102889612189643,366.96716312992135,104.97939107247574,109.64366912597266,40.67471282849652,13.015711870629294,1138.5731655760153,203.51988740131844,213.20640660739878,76.25967470912661,16.04961473271273,0.027676535133910576,0.01994604701585502,0.01745703785797423,0.009442449572038205,0.007960922496860567,0,0.0,0,0.0,0,0.0,272,185,72
2019-06-03,22,1.0096309002090864,332.60098420097034,129.73502579505202,139.94094440414528,114.02391255331354,13.185635501402551,1129.602200104181,231.49496949571125,225.22350704710482,148.3407661724205,16.3955584479451,0.02746445722009244,0.02262572284753038,0.01842285393942099,0.018205027309148938,0.00813112208031496,0,0.0,0,0.0,0,0.0,240,198,99
2019-06-10,23,1.0105151538144808,1126.3933352743218,101.85320681847087,128.63403179046534,51.361643584834894,9.9025695818602,1917.1148753472485,217.60069156632647,218.72343460930728,118.11498836242413,13.181681271449222,0.04573584992784804,0.021296652524886345,0.017900678068363277,0.01454955842972731,0.006547685881546553,1,0.11154967860938135,0,0.0,0,0.0,315,191,89
2019-06-17,24,1.0075337252196443,318.4540448123566,100.6950341526939,174.49280567667682,53.29622221115039,11.58859748260237,1660.4344575554305,209.49537993585716,261.98217952039977,106.44796697424125,14.224933736892215,0.039856388421659825,0.020519660584554116,0.021365402076505596,0.013131271230989387,0.007062236942177751,0,0.0,0,0.0,0,0.0,212,187,72
2019-06-24,25,1.00939560282391,295.3713310099142,111.07166353757282,144.30209678132664,47.77473168776274,13.979439666375335,1457.6754512987154,215.8193535055014,249.09496858948654,95.6763168261713,16.824426413753777,0.03516056883148406,0.021125995481844944,0.020335785560340908,0.011818199379749936,0.008342038202933897,1,0.11254815634547694,0,0.0,0,0.0,283,198,98
2019-07-01,26,1.0099300243446687,300.32878677332843,82.78755389811685,123.17125659694179,106.22662118760124,8.716106623255948,1320.7016026824292,190.69723065086754,222.80924403273642,149.28096375937832,12.080991906006703,0.03196222598980974,0.01871287374501734,0.01822897171871626,0.018318298807372683,0.006004227441442407,0,0.0,0,0.0,0,0.0,241,180,106
2019-07-08,27,1.0014613742119332,616.5953906792051,60.64740954572418,103.92383507467399,37.9910965156316,10.824364517594,1541.0865125569055,155.99602487115794,193.04753268776858,105.16753020735185,13.240562898795341,0.037097886500659316,0.015359992706686487,0.015832590840824372,0.012975367852101804,0.006576741569189681,0,0.0,0,0.0,0,0.0,244,215,97
2019-07-15,28,1.0003389408709364,242.81076869057821,108.66843148870956,153.1814476497696,40.09085966955919,10.663111025300097,1321.571327480412,186.66644392428853,230.40046072487706,87.41624826286753,13.311223605059165,0.031982600976297265,0.018324585864458478,0.018838341513407943,0.01080892161098349,0.006611607509555293,0,0.0,0,0.0,0,0.0,233,197,88
2019-07-22,29,0.9973083357822626,279.9975565101368,206.08845800477337,129.08977102164823,45.19453116502073,9.287582033258566,1205.0974857464253,299.4216799669176,221.24995531159908,84.53184288331111,11.949826754270399,0.029246320462250813,0.029071698321597353,0.018103709204919702,0.010455997270605494,0.0059394258223368175,0,0.0,0,0.0,0,0.0,229,174,80
2019-07-29,30,0.9984598319911742,270.600184534183,64.86939254797946,136.52151504698597,52.7329371820758,11.54869789082672,1114.1684245566807,214.58023253143827,225.0214971716256,90.7722664795658,13.9386632416808,0.027099378809063056,0.021007249211087722,0.018406634067979877,0.011219233898800909,0.0069210962061996536,0,0.0,0,0.0,0,0.0,223,193,74
2019-08-05,31,1.0066108223928931,713.066459504235,133.66547705065815,127.9887497066321,44.64780432057602,5.138098989896391,1492.9843566939116,240.9555933163773,217.99734857528236,85.49532423638064,7.925831638232551,0.035981609417618424,0.02352862397661735,0.017842314280801724,0.010573913014346476,0.003947273108073917,0,0.0,0,0.0,0,0.0,252,190,89
2019-08-12,32,1.01032808847046,253.90255613995697,99.58893564717962,229.6904733108455,40.351053413841065,13.521995392675484,1298.991605825695,220.06673230536828,316.88941274095845,78.82394932021236,15.107161720321994,0.03145334923001988,0.02153280776628816,0.025728039127570518,0.009756859391253965,0.007496952026821652,0,0.0,0,0.0,0,0.0,252,207,97
2019-08-19,33,1.0070066439726977,290.8894113375802,80.73075928540592,85.84721431520416,47.68324457006479,11.030272769148956,1200.1835354155664,190.76412543809005,212.60297941158754,83.15402176416035,14.051705113213355,0.029130538566263714,0.018719315165180443,0.0174084902104818,0.010287323678389077,0.006976834347171582,0,0.0,0,0.0,0,0.0,257,192,82
2019-08-26,34,1.0073558828465277,303.19375870378855,74.16280680737168,123.73676870314296,36.26657701056232,9.466767038625461,1143.322233494685,169.5448695264167,208.77796046777797,73.68588680443449,12.277108061268132,0.02778876793191749,0.016671824717983882,0.01710064358151196,0.009126672481136043,0.006101102085833761,1,0.227858611504353,0,0.0,0,0.0,301,193,105
2019-09-02,35,0.9985999440900677,284.66156343367004,78.27819264758583,116.9381395695342,32.16530902719159,6.586643323892094,1084.9871268799493,163.05062741079416,200.4493237566454,65.3239580891871,9.04206493614572,0.026408359908432193,0.01604347290871796,0.01642966733744237,0.008099359483715452,0.0045006847262967125,0,0.0,0,0.0,0,0.0,264,205,92
2019-09-09,36,1.0009685294963964,220.5669107765849,88.77088557906471,100.8798104173167,36.065591148995416,10.256761013365006,980.0578995925493,170.2961992844618,181.0595399199749,65.46137228912961,12.065174000594151,0.02391548352600775,0.016744468002460253,0.014864022240972018,0.008116258855821715,0.0059964131164821745,0,0.0,0,0.0,0,0.0,180,136,98
2019-09-16,37,1.0002567352828866,869.218630283819,81.22292687953285,113.25149491031276,35.2972275064145,7.895402077634812,1555.2591599986035,166.37102652176375,185.67531087830272,64.75484503652282,10.308436877753643,0.037426289510322855,0.016364839143460274,0.015237178583984434,0.008029363109081533,0.005127788695830109,1,0.2178096165272369,0,0.0,0,0.0,252,131,82
2019-09-23,38,0.9915079079176131,354.7416846652611,84.50759743380073,120.82493564219956,35.93386742662666,7.7887065984941275,1443.4230966642835,167.69311069468262,195.09505999352064,65.07354769306193,9.850393974044856,0.03482876144901415,0.016492739195511124,0.0159978301959726,0.00806856221561372,0.004901058309403732,0,0.0,0,0.0,0,0.0,176,119,78
2019-09-30,39,1.0050421571146129,309.49234920341894,70.4117802797769,114.68948955926511,32.95588741485854,9.330704870996776,1319.8885168684174,154.2583356271182,192.7275135566734,62.238983876736405,11.300783665805747,0.031943177105368675,0.015191492133491339,0.015806759672303536,0.0077198138136571,0.005618644291088521,0,0.0,0,0.0,0,0.0,191,133,95
2019-10-07,40,1.0133824985912632,249.46880139746924,66.91278629932211,111.75920898519371,28.180344555914452,7.099923904591651,1173.3907632053613,144.04195411288123,188.85021440786306,56.18788730044584,9.3600806377528,0.028498764407180258,0.014199660723453505,0.01549368571160487,0.006974500605803756,0.004658239569874403,0,0.0,0,0.0,0,0.0,201,135,82
2019-10-14,41,1.0071361068392675,240.90300903927636,69.69477076151205,121.8940858958727,35.13633193819749,8.975007266410273,1062.2765432830292,141.71574781795266,197.43417165901792,60.42088122339812,10.847023393960834,0.02586988917098403,0.013973547606916867,0.016186533075764422,0.007495995818797434,0.005394255887080331,0,0.0,0,0.0,0,0.0,173,137,80
2019-10-21,42,1.0050450406826998,258.3093251237344,75.48536045165136,94.59885871445238,35.41269519833297,9.54231082483357,1001.9029054218548,146.3432343606277,173.57252737805953,62.60209174886212,11.711715503625738,0.024435522120349416,0.014423248945988324,0.014258142134340537,0.007764502208651485,0.005821766316399737,0,0.0,0,0.0,0,0.0,189,134,76
2019-10-28,43,1.0038184123475078,279.07574551332186,72.13599792844339,108.39706482299488,38.689190772725425,11.906796317640602,980.4077793086202,145.30761510875723,177.82607577421868,66.86013205971338,14.24913941836575,0.023923817073475708,0.014322642606948644,0.014602448307910588,0.00828824734347315,0.0070741692968926025,1,0.19873226835314894,0,0.0,0,0.0,215,155,81
2019-11-04,44,1.0146430870347178,265.46935967003776,106.27763519861207,105.45063086360727,27.25662565414116,9.211367467478858,951.7548051860718,178.93144275299068,176.58106117329476,57.34368508101218,12.061195351152008,0.023240879657385107,0.017578607711360803,0.0145016947110341,0.0071169466417561195,0.005994447573970058,0,0.0,0,0.0,0,0.0,208,148,89
2019-11-11,45,1.0171130467282614,315.37901890997216,102.51405007059063,103.82853591572956,42.95151502903904,8.019650189469036,981.6073825402224,191.97977144708597,174.46096038504749,68.75617331549452,10.431889259699439,0.02395238852828466,0.018836357189887565,0.01433007678555402,0.008521285293374065,0.005188879720536452,1,0.11490545083462277,0,0.0,0,0.0,189,154,82
2019-11-18,46,1.011978524169266,382.4156444634459,94.15328144865545,111.55483826211531,29.721192825454736,12.030808561248119,1069.5408122416015,190.14316717219845,181.3392224161343,60.66147081742727,14.117186413188007,0.026042190662204905,0.018659518718515105,0.014886640877912125,0.007525619459028792,0.007009118689031395,0,0.0,0,0.0,1,0.22351388016666196,176,116,116
2019-11-25,47,1.0110398494763335,221.13428022272416,71.14034680776115,90.07078994619548,30.21141267194134,6.993676344585851,969.8128487918452,166.21193039386037,162.6064789126492,57.50907453978361,9.817113627223453,0.02367140051069196,0.01634944574556208,0.013369377624325343,0.007137326685923507,0.0048845805723616255,0,0.0,0,0.0,0,0.0,162,94,100
2019-12-02,48,1.0126828349834471,246.02118521672807,61.08266068540709,96.94492425979311,23.0964862316897,8.937386424635823,924.8901793710197,144.18862588233728,161.98751582485278,48.97556977459233,10.900809150080514,0.022599698504193626,0.01421391411378609,0.013319164784051863,0.006084696039891679,0.00542085870197039,0,0.0,0,0.0,0,0.0,149,114,106
2019-12-09,49,1.007013643311902,277.35137917388516,61.04107170863573,117.82009698590683,37.89903379099442,8.226047943283291,924.7745047335989,133.13538464980437,182.61510331584793,59.93804018956097,10.406209773299395,0.022596935864035956,0.013138616982408495,0.014989811445831856,0.007436538580159022,0.005176172717091258,0,0.0,0,0.0,0,0.0,147,111,79
2019-12-16,50,1.0144022973623255,271.19131506671675,69.5258203816463,66.25701693328796,28.78766924499949,8.307235037770457,918.533468380236,136.0935127065485,139.30305825962714,55.759787330301926,10.388476992430336,0.022447858965669726,0.01342662363325106,0.011475375282343317,0.006921729148130527,0.005167397799639026,0,0.0,1,0.05281339147452076,0,0.0,155,131,90
2019-12-23,51,1.0136523484045592,279.9657746630311,47.57908687606598,67.00433706870541,29.750035354965217,5.174127637455139,922.9392025291962,115.62584322934023,122.72556037255626,54.84193965360109,7.2518230359412055,0.02255310152483268,0.011430419137806656,0.010123594711549723,0.006808568071785102,0.0036128117821175635,0,0.0,1,0.06132132048083312,0,0.0,157,130,97
2019-12-30,52,1.0135435381435427,369.98699777740563,105.49897369145272,128.8527048076345,49.52990677045121,14.290891850939822,1016.044439547843,163.31189530612284,177.942928956657,74.20877961457171,15.741256458128063,0.024771877772010818,0.016068767443961615,0.014611903668356428,0.009190842302954931,0.007809165193050186,0,0.0,0,0.0,0,0.0,166,137,107
2020-01-06,53,1.016652470812204,345.1730089665502,88.10690751606484,147.59181690102244,42.2356825818547,51.12477497633603,1056.4041166500404,169.76285516912625,218.76898848368523,75.62963340841196,54.27302626796164,0.02573055627688606,0.016692902045679317,0.01790433951978937,0.009365168642149778,0.026419577911004615,0,0.0,1,0.1616838875632719,0,0.0,154,151,88
2020-01-13,54,1.0091909741904221,376.98357479840973,112.77031396900765,136.0418162429501,45.89540122746859,10.197398714143205,1116.466456453438,197.6517415535708,223.5494116364242,79.92873626125397,21.052003967735534,0.027153754995845537,0.019382083891743035,0.018288420499500118,0.009892257576796229,0.010416359364532023,0,0.0,0,0.0,0,0.0,174,103,101
2020-01-20,55,1.000050466013211,339.7580147237694,149.6157163883886,162.97253166875475,52.33437615907652,12.260154515973563,1121.284534241176,248.44158716517398,252.39229632332444,88.3023074766408,16.47055530952067,0.027267740950735538,0.024241889369434905,0.02059942990880743,0.010917285744255155,0.008168011809620747,0,0.0,0,0.0,0,0.0,139,117,80
2020-01-27,56,1.0006237047706092,321.25085021622607,208.12006519476483,117.99929153405233,44.200812721603825,11.84227016530087,1106.1500241850492,332.34085877735185,218.95621006338212,83.93685108609219,15.136381227205005,0.026909599257878426,0.03216510791889211,0.017919387409135037,0.010383165112777336,0.007511343335475413,0,0.0,0,0.0,1,0.19688357350575764,136,118,114
2020-02-03,57,1.0005861487436072,434.3623685557358,109.80451392002986,203.42241157857873,57.60899519515473,11.772370269129848,1208.6673854852702,275.9749433087058,291.0048956039316,95.38057818389622,14.79964651457085,0.029330416685859475,0.02685632699877391,0.023676249263232658,0.011782099342053876,0.007345468091665073,0,0.0,0,0.0,0,0.0,165,124,77
2020-02-10,58,1.0013233975999143,337.40238928294116,71.29333629597465,171.17890300636068,47.289328704297674,12.052824936154892,1183.4695591226302,209.28080795032756,287.5808612479333,90.21058888705097,15.01275423906906,0.028736519088651616,0.020499074507516066,0.023404188708527156,0.01115058599475357,0.0074504512229444115,0,0.0,0,0.0,0,0.0,197,163,75
2020-02-17,59,1.0002632317725089,353.51754999175716,93.7982314177345,93.68791076260015,55.134816511663765,13.23172487934339,1181.9462413775982,198.43863539289828,208.72025526177347,95.72958151083671,16.234275727157204,0.028700592110191155,0.01945774666959629,0.017095997852176047,0.011824700979324402,0.008051780451605652,0,0.0,0,0.0,0,0.0,166,129,91
2020-02-24,60,1.0026866324761758,296.1791025376875,71.31197844074842,110.41355456003272,52.25992293809384,12.429418233155967,1123.541471502006,170.53129613719756,193.90165666474212,95.33823461797036,15.676273378587409,0.027321126325674152,0.01676719643957695,0.01590152701934926,0.011776930358545974,0.007777178104255566,0,0.0,0,0.0,0,0.0,178,165,95
2020-03-02,61,0.997258479459673,274.59493485286913,67.9754393164552,111.74485301502602,38.1597016040691,8.291287407115176,1061.0739649042732,153.24108738505396,189.3055156809229,81.06190718215576,11.426542082832658,0.025841359283763368,0.015092824652361414,0.015530459502995553,0.01003109592689927,0.005680815005553457,0,0.0,0,0.0,0,0.0,199,142,89
2020-03-09,62,0.998700874764329,312.04841995664674,78.21738313991541,112.66571752256523,36.38818792662169,11.14037664195304,1054.8001953896378,154.8379268324424,188.3879237949344,72.86604615859179,13.425685058519571,0.02569249370036124,0.015247700450571382,0.015456344593951732,0.009026044250203372,0.0066680807531912245,0,0.0,0,0.0,1,0.23450095700894746,174,149,129
2020-03-16,63,0.9952066900457458,267.4497412896945,109.206176940829,123.05512711902672,40.5363635148739,10.732066119068124,1005.8098780624409,186.6251403570502,198.4102966370005,73.3260842862402,13.417203130772037,0.024528472454351784,0.01832060547881404,0.016265258489600122,0.009082512402039677,0.006663896141300918,0,0.0,0,0.0,0,0.0,191,127,80
2020-03-23,64,0.9918951630135766,371.1060342783841,72.865807367309,130.58991333229156,43.26089891778267,11.552381390620898,1075.1729489220927,166.1783775458341,209.95403198709175,76.25763684659077,14.235822016775305,0.02617573759845381,0.01634619926725606,0.017195317151650496,0.009442199627049773,0.007067604429019405,0,0.0,0,0.0,0,0.0,197,146,91
2020-03-30,65,0.9890361156002797,331.0169782584374,105.07711373972745,123.9982504759804,30.61072363738137,8.774065409117416,1083.6380425039022,188.1663025126445,207.9798632708171,64.92666021834722,11.621229812472476,0.026376389583191308,0.018469103951143612,0.017036386494750835,0.008050496049593266,0.005777046712494594,0,0.0,0,0.0,0,0.0,237,198,86
2020-04-06,66,0.9870361206043017,345.8307644148234,104.31526931344992,139.97934322991043,47.13984122283198,12.48141576346013,1104.377394167555,198.39842056977216,223.17128853823726,76.35683832108823,14.805661725954627,0.026867634645750867,0.019453880147456318,0.0182580513084609,0.009454366597422569,0.0073484316662439635,1,0.13136216558163963,0,0.0,0,0.0,284,192,90
2020-04-13,67,0.9788920637146132,371.3603175203935,109.21311336219779,127.91092300483224,48.786361854887204,14.10435551399285,1144.4244934376818,208.41232364708387,217.17943842012716,83.14693909937691,17.065487859183776,0.027814813489983596,0.02041574311847799,0.01777656123615156,0.010286456466253615,0.008460552204131094,0,0.0,1,0.14567693737384818,0,0.0,221,224,93
2020-04-20,68,0.9767542595294136,365.8052843424282,109.7602545011244,128.79600254431526,52.65056719913599,13.179386596972215,1166.9024297488054,213.96641632466634,215.66777791236612,90.0666897938556,16.59248416880897,0.02834564567349027,0.020948415885007263,0.01765501336753146,0.011132997198586828,0.008227980764119526,0,0.0,0,0.0,0,0.0,242,212,88
2020-04-27,69,0.9790053755848075,260.53271438957415,95.87730762867115,141.53130001412387,51.76540124861434,11.811415702114369,1077.3644152137379,202.86051579100433,227.79841117907034,92.29541165584936,15.129912535876162,0.026227690859706585,0.019882709900526072,0.018629552395205442,0.011405343843838225,0.007508157385662745,0,0.0,0,0.0,1,0.11147725538687712,225,179,90
2020-05-04,70,0.9762658680150559,1581.5776620338233,93.50964816554752,153.02336911470292,40.54572625742735,12.313282916059592,2335.7327526834397,194.93990606104967,244.14273358633108,82.07866150255956,15.339265423234824,0.055171662347934435,0.019121241307676062,0.019939553049854168,0.010155637545762281,0.007611257164690569,0,0.0,0,0.0,0,0.0,226,178,93
2020-05-11,71,0.9711218376424609,427.4474079285888,84.94522366524964,117.51518022064738,45.13207025131243,11.596125473697999,2062.4603348069963,182.41517669577448,215.17227365517982,82.06746792746424,14.663978558344963,0.04903327856692908,0.017914725880875816,0.01761516488140312,0.010154266622140598,0.0072786224970569175,0,0.0,0,0.0,0,0.0,228,187,94
2020-05-18,72,0.9700002603644741,401.6244110808716,89.81949099960994,305.72351084735305,51.88050077430885,7.496728029887725,1845.346645445769,181.0270793474972,391.792420309425,88.81086134166776,10.429523741556718,0.04409920799751833,0.017780826819989094,0.03161709033047552,0.010979470637163218,0.0051877092026317885,0,0.0,0,0.0,0,0.0,247,195,77
2020-05-25,73,0.9636759804441128,410.7289970352933,80.705055804815,114.70382653963941,44.97164699956625,12.887657464941242,1702.4716488473314,171.2185954785636,271.4207946634094,84.93653460331674,14.973562213252585,0.04082423850516276,0.01683363638990866,0.02211812301159494,0.010505528922804848,0.0074311457450615785,0,0.0,1,0.23573944871969887,0,0.0,223,221,110
2020-06-01,74,0.9628940532039526,336.8641810183897,77.9627480464736,148.69505468901613,40.48613706130567,11.216175989864274,1528.5943352115216,163.5720457857554,257.2633725543799,78.7075776327982,14.21088843251479,0.03680823682287381,0.016093952504973804,0.02098864687287591,0.00974259519563659,0.007055313082719898,0,0.0,0,0.0,0,0.0,243,199,84
2020-06-08,75,0.9683479306403184,309.9359484910307,94.0601545759202,135.6227287967014,122.49968128640329,10.270341024881892,1379.9519831390958,175.8461774687979,238.52807781845337,157.91809122116248,13.112518711384851,0.03334832248479599,0.01728074249571046,0.01948993182037717,0.019357646087560024,0.006513554801088971,0,0.0,0,0.0,0,0.0,247,188,100
2020-06-15,76,0.9725496503517297,350.5077642830557,55.416616644176436,160.59419183479497,43.635455600845596,10.85926450615726,1316.4741524804226,143.3397053785754,256.00542296217634,114.69859665036873,13.48176824843423,0.03186317756984567,0.014131411304559634,0.020888161691128063,0.01413467121227579,0.006695748857046903,0,0.0,0,0.0,0,0.0,240,177,86
2020-06-22,77,0.9807882819104409,272.16126979835275,81.26612971124592,342.6468175367777,54.773730155459695,11.670336466424402,1193.6931765346485,152.93598240053362,445.04898672164825,106.38809864812563,14.366690116111249,0.02897757118836379,0.015063227293626037,0.03576112775421753,0.013123982882816531,0.007132112632026859,0,0.0,0,0.0,0,0.0,242,202,95
2020-06-29,78,0.9743404293609811,294.1344684305756,75.79182166545455,115.87411107203535,41.40791203093052,10.37913326130683,1129.7196920048295,152.25981286572136,293.8937057606947,89.28255642258705,13.25247128452908,0.027467235382701495,0.014997627688050899,0.02390566510453734,0.01103714152643859,0.006582617666463618,0,0.0,0,0.0,0,0.0,228,218,106
2020-07-06,79,0.9745672113934393,270.42450068471277,133.74717855177386,125.87039440035812,32.49331854168818,9.215915469221441,1061.2282850880933,209.87708498463454,243.427876704636,72.67046893185235,11.866409726127257,0.0258450204587156,0.020556279300687624,0.01988233027188424,0.009002035845700494,0.005898209577316128,0,0.0,0,0.0,0,0.0,231,196,89
2020-07-13,80,0.9752159095698668,347.20541516266,61.320449917713155,130.9081791242215,27.508423552697668,12.544684552435058,1090.0652147243254,166.25899241003043,228.2793298060759,60.21013457203122,14.91796649766051,0.02652868057103274,0.016353999296511806,0.018668148122005332,0.00747004526765085,0.0074037587364367925,1,0.13505875896478747,0,0.0,0,0.0,255,170,86
2020-07-20,81,0.9710501378624345,275.4786410935973,84.78963337222486,122.05609767591672,92.30522280184556,13.23285930764961,1038.5242914006249,167.91912957724008,213.3678295983471,119.39978335925962,16.21645260718171,0.025306082743775493,0.016514601211646517,0.017470024040483187,0.014705493822827882,0.008043011744206392,0,0.0,1,0.16067175220392815,0,0.0,243,215,75
2020-07-27,82,0.9645572826207618,330.25157779861973,64.5386314429121,408.6040648341031,41.17507153058609,8.532440833577452,1057.218581779057,148.49819623153215,493.9511966734419,94.90497404225292,11.775731355013795,0.025749883170318903,0.014632529203845588,0.03953522699888232,0.011724038064261724,0.005853401634923966,0,0.0,0,0.0,0,0.0,244,171,83
2020-08-03,83,0.9604141687347018,346.31200367965397,174.14426411411998,149.1696020129858,49.422967811566835,9.762847764894701,1086.3650109249938,248.39336222988607,346.7500806823626,92.13020613058065,12.11799403589746,0.026441010555110583,0.02423729783297854,0.02808432003696951,0.011385161111320602,0.006022506668006701,0,0.0,0,0.0,0,0.0,254,194,89
2020-08-10,84,0.9723965615549273,336.2966961561159,75.82384296443793,123.57405053213326,30.855908549637817,8.802341428874419,1096.7522038036116,200.02052407938095,262.2740828050783,72.31450130839912,11.225940236053912,0.026687077323402315,0.019609815843721956,0.021388698461148842,0.008958335468306895,0.005581640536486091,0,0.0,0,0.0,1,0.23469077504978914,209,194,128
2020-08-17,85,0.9793759637748244,325.8285131640754,58.957115385095754,121.71577452505895,92.24649254139938,9.13654326064334,1093.5550558266034,158.96737742478624,226.62540764709027,124.78801813017898,11.381731307854121,0.02661135193440874,0.015647985815767346,0.01853540123224421,0.01535892602388135,0.005658662963222508,0,0.0,0,0.0,0,0.0,222,172,96
2020-08-24,86,0.9739455365146977,305.49044165904127,93.7912799154281,107.34282434773402,39.79006905701823,12.656200953453265,1070.9789807376637,173.27496862782124,197.99298740657014,95.94467721559877,14.932547215024089,0.02607629541141335,0.017032368550163417,0.01623160364258134,0.011850955143704933,0.007410941490653562,0,0.0,0,0.0,0,0.0,225,211,84
2020-08-31,87,0.9744545837532164,298.66395338594674,65.92535882034191,118.07332138791858,27.520786512591535,8.899514870714938,1048.3492399023114,152.56284313425255,197.27051635054664,70.69589125961099,11.886024313719757,0.025539376352879766,0.01502702770635144,0.016173332885099482,0.008759578134541424,0.005907901426858528,0,0.0,0,0.0,0,0.0,233,188,92
2020-09-07,88,0.9732976675163044,295.13721995080243,76.1061367908644,117.89148907359794,40.503179634564084,9.61989310695839,1028.9816878824204,152.38755835799066,196.7996956138166,72.31633070138903,11.997097969702342,0.025079386461748867,0.015010021778821577,0.016135355218188034,0.008958560063652213,0.005962780951229285,0,0.0,0,0.0,0,0.0,183,169,89
2020-09-14,89,0.9701139795652164,287.39953787486974,74.2430270213616,90.48688404538615,41.68702540799768,8.946600542293515,1007.6867193925639,150.43680620035693,169.2067622909128,74.22937422362276,11.346020136233983,0.024573117871485008,0.014820722405607526,0.013904502207591613,0.009193369519646607,0.005641008569706711,0,0.0,0,0.0,0,0.0,187,151,84
2020-09-21,90,0.9697122203843164,297.60077824359126,231.095546325404,99.64007540287854,30.37058167917345,10.725201219471522,1002.9814818183859,306.31394942558245,167.32278031924366,63.77380007980369,12.994405246718319,0.02446118417664651,0.029720999275658074,0.013751815690292182,0.007908679194246811,0.006455261481526913,0,0.0,0,0.0,1,0.17677353544429608,173,136,103
2020-09-28,91,0.9701983286902769,286.70910106408695,51.15940635980711,122.0577933915684,37.52837390913417,9.963089446777351,988.796138336957,204.31638107259835,188.98690551926586,66.22658394504583,12.561970496121015,0.024123571109524067,0.02002254471956329,0.015504726273328849,0.0082103550223673,0.006241780715465043,0,0.0,0,0.0,0,0.0,166,161,101
2020-10-05,92,0.9817587017201921,271.9041971315117,85.21024626638774,96.92840499989201,40.96706855479738,9.42371365068468,964.0614939673815,187.36843680268692,172.52316720759836,70.769031330068,11.936107749908883,0.023534323961244788,0.01839223131714795,0.014173164005337075,0.008768561094407285,0.005932647514964022,1,0.09675771879978812,0,0.0,0,0.0,196,123,107
2020-10-12,93,0.9848804550111512,201.88627683210422,53.00713080006321,103.13416009296422,31.654150650034246,6.389534293504794,876.7293226092711,146.69134920140667,172.14342697600358,63.500214748564844,8.776755843486571,0.021448127996981026,0.014457062322384723,0.014142408689869518,0.007875018671472176,0.00436920420248551,0,0.0,0,0.0,0,0.0,176,151,77
2020-10-19,94,0.9878050445653708,221.10046881832184,70.21019102601656,94.62552554311713,48.47250287919341,8.103739166712002,834.8109946448116,143.55586562671988,163.48289633351857,77.04759951604758,9.859090335409316,0.020443611083550525,0.014152420268437124,0.01344046748179321,0.009539079541968285,0.004905363954526788,0,0.0,0,0.0,0,0.0,168,139,86
2020-10-26,95,0.989713645692466,317.26766803253724,89.50797242410732,99.61595485528677,32.76580825857959,8.330441787459264,901.6353642839053,161.28590523746726,165.0091133886942,67.437228040801,10.302259854541127,0.02204399301528248,0.01587258805052765,0.013564240836210037,0.008359188442942284,0.0051247317680907165,0,0.0,0,0.0,0,0.0,205,130,82
2020-11-02,96,0.9966887111067442,292.4348296968618,75.51920877948116,98.87573627378174,42.0617115372113,9.435171023466602,923.5795846955955,156.16216139821478,164.87938162925943,72.40846415557175,11.495622994374827,0.022568396852581083,0.015376099644387293,0.01355372104044462,0.008969871194835055,0.0057149629673377495,0,0.0,0,0.0,0,0.0,168,144,97
2020-11-09,97,0.993644105875828,406.0819364264719,91.25405961879973,113.47436954821148,43.50280225693774,10.815248654184012,1052.5876457133886,169.33514031790713,179.42612219991526,76.08661112694503,13.114373253058979,0.025639982911608187,0.016651544863198746,0.014731902833489689,0.00942122277664972,0.006514470030764831,0,0.0,0,0.0,0,0.0,171,145,95
2020-11-16,98,0.9911602088554257,348.76243442574616,59.017436180509684,97.3678745922808,34.95454721171287,9.987582888174925,1085.5737864251182,143.68500633946326,169.1383234722469,69.19352221883813,12.610457538786722,0.02642226179116421,0.0141649712357654,0.013898956440162008,0.008575023269464422,0.006265721959036227,0,0.0,0,0.0,0,0.0,179,150,115
2020-11-23,99,0.9902998968111374,107.52270202934717,52.1679908207084,107.87230985112738,24.90682736040287,7.770025579895677,867.42435252693,124.01049399044003,175.52763924002613,56.04391235888002,10.292117087653022,0.02122532472427015,0.012249147120506444,0.014416429779546066,0.006956753583840617,0.005119712205091566,0,0.0,0,0.0,0,0.0,168,115,96
2020-11-30,100,0.9959228471146113,235.31245831273247,63.65055833826341,99.6525946863154,34.538343711503614,9.22314990139603,842.5095050815834,125.65580533348341,169.86365038232586,59.758104272999624,11.281573318926634,0.02062825020526124,0.012409646125567175,0.01395772830840134,0.007414379377132668,0.005609146659813667,0,0.0,0,0.0,1,0.09892467229000837,138,96,113
2020-12-07,101,0.9945892356852001,212.50158630984123,52.4979691144866,95.646409489611,72.76152366725826,7.714986451522392,802.2582398669495,115.3258717812283,163.59186964254135,99.65267059010809,9.971301115307718,0.019662103875492883,0.011401102964260739,0.013449306043458108,0.01230332640706281,0.004960917158257318,0,0.0,0,0.0,0,0.0,143,117,96
2020-12-14,102,0.9877110336837794,226.56723350027002,65.80935763026967,119.20393876462371,31.1222265766984,9.27463493973391,788.1480014071346,123.47229352088382,184.64068662164027,75.96592834224704,11.268895162795452,0.01932296610721194,0.012196634706049153,0.015153560237879648,0.009406420113245892,0.005602878456430028,0,0.0,0,0.0,0,0.0,148,125,106
2020-12-21,103,0.9897407752066102,245.5165072029332,61.67948210840722,83.97314620356786,30.873404968042383,7.649590883415235,797.2201081879274,123.41562886884913,157.82942085222396,65.05807272205355,9.903369915974325,0.019541039955022002,0.01219110559057814,0.012981710417940757,0.00806665892984645,0.004927286587110077,0,0.0,0,0.0,0,0.0,146,122,91
2020-12-28,104,0.9940954324863079,268.4945633277372,73.29293783274093,232.99023441447932,39.21376955800602,6.947139639061744,826.5486390592863,135.0007522671655,296.1220027553689,68.48990228293012,8.92781362225661,0.02024537137260034,0.013320250838359957,0.024082552424985096,0.008488565160570049,0.004444068901688932,0,0.0,0,0.0,0,0.0,200,144,91
2021-01-04,105,0.9876347401579679,279.3191127034451,93.90260684955607,122.32793898958167,48.66694758884446,14.603474730175341,857.9031600449455,161.40298298313883,240.77674009172924,79.48740361616301,16.389037454626664,0.020997239057629645,0.015883926978728567,0.019670054050011612,0.00983817408770098,0.008127914380706633,0,0.0,0,0.0,0,0.0,152,131,85
2021-01-11,106,0.9902795098197629,448.718090138937,96.66380832316652,124.19343085349762,40.79555164309357,15.612756787715455,1049.2503021703988,177.36529981473592,220.5041268901893,76.56488327036692,18.890564278640788,0.025560766504788557,0.01742742788430367,0.018043783186078924,0.009479882150016756,0.009356903545383835,0,0.0,0,0.0,0,0.0,145,117,102
2021-01-18,107,0.9935377698559349,425.50623030526924,96.90149247353007,151.6696398105035,48.279480479522356,13.447815894896546,1159.9814418245483,185.58414238089802,239.8712905665792,82.73367795118747,17.225928750624703,0.02818226347997907,0.01822027483025803,0.019597533738075414,0.010235853517835913,0.008539414700709125,0,0.0,0,0.0,0,0.0,167,126,77
2021-01-25,108,0.9937084021669228,373.3729752651636,110.61573311874432,166.25715180652674,144.43543412410534,13.106085805454336,1185.3599845423473,203.40780430919332,262.2056680331584,181.6655892021397,16.551271555579277,0.02878110049268079,0.01993528125214091,0.021383238475335072,0.0222039861225684,0.008207711744820418,0,0.0,0,0.0,0,0.0,172,107,81
2021-02-01,109,0.9976869608411988,369.9523671963435,121.6017582317421,134.78117320366644,63.50705324683112,12.74019577795773,1199.7043563759867,223.30566038633876,239.6634404169298,145.256568387794,16.050450089073586,0.02911924673047618,0.021842803864469414,0.019580884848968198,0.017833271078475668,0.00796133355113432,0,0.0,0,0.0,0,0.0,160,117,74
2021-02-08,110,1.0034674504728245,336.69084426703796,179.44474089966747,107.48533355372555,68.54209596704496,11.570250916236342,1176.4838937302286,291.09757109283686,203.3507097204975,133.90755174155225,14.78034093405106,0.02857174247239131,0.028286348378477624,0.01666351435417814,0.016462880957244377,0.00733595649796687,0,0.0,0,0.0,0,0.0,148,126,83
2021-02-15,111,1.004832483377179,1036.1003528269778,107.18308245897754,149.91894287046222,41.31226483105593,12.08569217406938,1859.6390784381379,252.73186800539597,231.2592267586612,101.57066311475444,15.041760360879591,0.04442558797397841,0.02465019774817961,0.018907229621356488,0.012537156970955097,0.00746473877453821,0,0.0,0,0.0,0,0.0,176,111,81
2021-02-22,112,1.0095764432578254,376.51232844344236,186.18927309344335,134.65535442004952,51.465577137474746,10.50756354234481,1678.2596833501389,312.5552070961413,227.159045123514,97.17237553911424,13.515915614520729,0.04026702880832088,0.03030822146591466,0.018578235899704806,0.01200077891791756,0.006712594377678759,1,0.19530567856688186,0,0.0,0,0.0,251,157,87
2021-03-01,113,1.0064010087596453,277.7941732636193,74.66020014351369,152.6156422344277,42.14755437215061,9.130805088894896,1452.5759516087164,230.93780369158435,243.4792602838333,85.87512336475203,11.833988211799042,0.03504187419629694,0.022572496101799785,0.01988644364136317,0.01062038703969213,0.005882189226914085,0,0.0,0,0.0,0,0.0,178,121,67
2021-03-08,114,1.0004333877689142,349.0054491803148,81.37440039458556,137.10261847797898,42.40806176214874,13.27376053626563,1365.8086153064164,196.84330224037774,234.4943225915123,81.05186727628715,15.640558178625438,0.033017814978746285,0.019304337274372817,0.01916665424892213,0.0100298659886718,0.007759596876120894,1,0.21490320089278875,0,0.0,0,0.0,235,124,108
2021-03-15,115,1.0079113339771741,253.5790688908429,73.64842114944537,173.370186330973,39.42022656026067,8.308259169248041,1209.6450996053343,172.07007226963424,267.16791536757796,75.89356683458989,11.436370804973128,0.029353446181872578,0.016915934617745047,0.021779103148403627,0.009397544210620022,0.005685673666324486,0,0.0,0,0.0,0,0.0,170,133,97
2021-03-22,116,1.0051152042766078,325.39248246120314,93.092553225976,118.00679827654747,28.81401083014543,8.647598880946642,1172.1440521849372,179.12758936079314,224.87396442357866,62.96611590571088,10.934873041941268,0.02846934691327384,0.017597538471569703,0.0183947879608411,0.007809299332350961,0.005437706207461649,0,0.0,0,0.0,0,0.0,157,132,92
2021-03-29,117,1.0047761780942952,229.71869123720376,104.02084523036163,90.6068589502443,36.56338945270885,10.799289839220188,1050.2195277666597,193.5846399107582,180.55644471967577,64.89814161027874,12.986264447608441,0.02558377372516324,0.018990830679211684,0.014823333034013217,0.008046988377378422,0.0064512434470942875,0,0.0,1,0.24138725081136686,0,0.0,176,159,120
2021-04-05,118,1.0003622823478935,280.11542390119894,97.54243197578234,123.80786718160658,48.23422088048102,10.997179786236229,1015.2690933378607,194.33475193116143,196.0304450694769,77.43838460510645,13.594432675757918,0.024753442212641037,0.01906301457231897,0.016073299091240518,0.00958699787208495,0.006751326113716457,0,0.0,0,0.0,0,0.0,233,187,75
2021-04-12,119,0.9953018807919801,336.88920189198427,106.66114083627666,114.07974140421166,48.20264106114927,12.89258064029912,1047.5775672284867,203.82851680185738,192.49191943200242,83.04991413344717,15.611467175450702,0.025521057010313087,0.019975690150635977,0.01578774221906311,0.010274576430393185,0.007745276026499103,0,0.0,0,0.0,0,0.0,222,174,89
2021-04-19,120,0.9966226948183641,280.53160644159055,70.52859862323945,132.36140341065396,31.5434130935081,11.938449964124699,1013.8359035015312,172.44285702416812,209.35817118345494,68.91587445355933,15.06074339921484,0.024719363140938876,0.01695196123958511,0.01714735273125023,0.00854090878202723,0.007474089031087373,0,0.0,0,0.0,0,0.0,230,186,91
2021-04-26,121,0.9960931594304577,378.581827893737,72.79045054680546,155.53453550669022,54.435256312719474,12.125580948383266,1088.266960344809,159.01187905888952,239.2778039800722,85.44739981682118,15.137729628226234,0.02648607597383261,0.01565229777776577,0.01954999370161055,0.010568048444512423,0.0075120074452772025,0,0.0,0,0.0,1,0.20659000328297616,232,188,119
2021-05-03,122,0.9961401088712706,412.2097175790915,87.48904524042081,126.59537403056567,45.09667978788873,9.71470285868207,1173.9965898204578,166.99498476986557,222.30649562259455,83.54800970545827,12.742248784327318,0.028513058897729343,0.016425205778110803,0.01818858786614567,0.010335561761388305,0.006330790140676724,0,0.0,0,0.0,0,0.0,235,186,100
2021-05-10,123,0.9963636678449517,314.53148700129833,92.12822618492659,140.88439168796017,49.122490753567206,7.8759149639954416,1136.3290998756188,175.62571856985937,229.806989936998,86.71909512102343,10.424364720860906,0.027623493022838893,0.01725945149980839,0.018790729087228373,0.010723643804239947,0.005185156379811526,0,0.0,0,0.0,0,0.0,231,204,93
2021-05-17,124,1.006168722993599,497.02870984093227,79.04914283915929,151.33635090184254,47.908327152905,10.37751914807972,1292.4590797538654,166.86200212408897,243.25914687664175,86.93191995736555,12.462392092251902,0.031300123764912126,0.016412340611019184,0.019868822832088726,0.01074967871843094,0.00619260868735808,0,0.0,0,0.0,0,0.0,263,176,94
2021-05-24,125,1.0130080135348738,373.31842479445,79.3431946882947,137.36062594366828,59.82351014355652,10.725611572373102,1278.0397806221556,162.77419575033917,234.66428469432498,98.94287412437102,13.218089990823483,0.03096173625042455,0.016016708884312787,0.019180279837174782,0.012216764047131073,0.006565652303910966,0,0.0,0,0.0,0,0.0,244,200,88
2021-05-31,126,1.020383735666341,348.4930492315317,77.14208498714821,151.83604479150696,40.67576457532354,12.011683851441402,1243.1208956670407,158.52918286231778,245.70175866923697,85.2000579312905,14.655301849606099,0.030141290684857987,0.01560552517088402,0.020064326529534705,0.010537779810125084,0.007274347048922673,0,0.0,0,0.0,0,0.0,259,199,93
2021-06-07,127,1.0109700067554384,397.0161281671374,88.51715540019059,149.6831418493906,48.453299344753034,13.30593722019627,1267.200755134066,167.7817468313495,247.9638453170854,86.79332541383377,16.23699759011749,0.03070721376652651,0.01650131277489669,0.02024531166557064,0.010732724569709738,0.008053119553665843,0,0.0,0,0.0,1,0.2466944286597605,209,201,108
2021-06-14,128,1.0145184640301597,374.4949283014165,109.79864009158015,132.58902155342895,37.181644174289005,8.6645472656106,1261.5354568952625,193.6895135072549,231.7745596802631,76.23864061051421,11.911946783634098,0.030574127766358872,0.019000923389966368,0.018948563722247156,0.009439869721921818,0.005920709801776995,0,0.0,0,0.0,0,0.0,245,187,102
2021-06-21,129,1.0062636709387733,264.64637424052006,87.81120339903467,141.5126615016868,41.16920047488544,7.620309869103505,1147.721194067204,184.65596015266212,234.22248537379204,75.47658874961684,10.002699225830325,0.027892703672559287,0.018130799987267732,0.019144860709686188,0.00934639434838649,0.0049764605936514165,0,0.0,0,0.0,0,0.0,232,173,87
2021-06-28,130,1.0028547645435344,309.6551469043294,85.73142900288498,137.58733731841173,55.973154358122244,8.353479467534685,1113.059982751372,178.05940907921604,231.27633146792854,89.93761929544982,10.35401931270075,0.027073148610644564,0.017494436014038224,0.018908601620986523,0.011117220370270601,0.005150346264008058,0,0.0,0,0.0,1,0.17879505023618375,239,200,126
2021-07-05,131,1.011279393497909,330.598788398254,86.90562400993316,115.45165761598265,42.352507178205215,9.716654968323287,1109.7407763242145,175.93532854954117,207.96219020315408,82.82443586115764,11.787458830863436,0.0269945943556845,0.01728935207124775,0.017034963490470425,0.0102469670742432,0.0058591968943447125,0,0.0,0,0.0,0,0.0,222,183,104
2021-07-12,132,1.018612578122432,324.8882974398216,69.55312860485893,102.28309724473493,28.52738103349084,10.595257998773208,1101.7068408667717,157.5207928796295,185.46797332599658,65.79837717101178,12.952749764945896,0.026804406082994153,0.015507799205299268,0.015220422697920686,0.008157701704674872,0.0064347013443104405,0,0.0,0,0.0,0,0.0,265,179,117
2021-07-19,133,1.0234610023086448,272.85043956502295,60.95825941285893,102.55440701435221,43.306223813455226,10.24071431049827,1044.045228171763,139.7186558526737,176.74159634475086,72.91549354041052,12.831264263487448,0.02543719125070919,0.013779342464500008,0.014514687278722058,0.009032114060744754,0.006374734182292484,0,0.0,0,0.0,0,0.0,255,175,98
2021-07-26,134,1.0270546784846342,257.82473780247796,96.76897643672447,341.272334059477,40.7337850181937,10.814947043554582,988.656397522712,166.62830436306132,411.96897259737733,73.54575711137844,13.381199896252072,0.024120244097156227,0.016389731125662565,0.03319126671255021,0.009109474241425773,0.006646133328820987,0,0.0,0,0.0,0,0.0,256,187,99
2021-08-02,135,1.028698450894612,268.410374048696,72.04518898938862,97.61046176295687,35.84256881322456,9.557575482561958,960.4698523145944,155.35934117091927,262.39805080190786,68.93815951334486,12.233815461812373,0.02344870202362486,0.015298261336856472,0.021398591834551332,0.008543647026475991,0.006079718652876671,0,0.0,0,0.0,0,0.0,259,191,111
2021-08-09,136,1.0310390269391398,356.148393270318,69.97583536088291,158.612684299921,43.80266128559259,10.620698646177248,1028.477289890534,147.65550594634254,263.57190462068417,74.82483306659778,13.067461738539723,0.025067400932862603,0.014550701475805825,0.021492262341722416,0.009266434209221273,0.006491318342234943,0,0.0,0,0.0,0,0.0,237,196,94
2021-08-16,137,1.0365793843527051,301.97151623905995,78.23597598045814,109.965147869859,31.781182122525532,8.794488148045403,1021.9056191624337,152.0637289536294,215.39390971813265,65.45235700249454,11.407980495753348,0.024911217646726633,0.014978602677595935,0.01763298926830128,0.00811515016211933,0.005671639272775289,1,0.24520190303552036,0,0.0,0,0.0,289,191,102
2021-08-23,138,1.0293246431058738,373.76025624498305,86.8277969502233,149.31113921631368,36.509914516308136,8.4778649039607,1089.0941896586867,162.85966142703802,235.46870310356672,65.96347516743069,10.75946100311137,0.026505675316950406,0.016024983799114056,0.019244763630823503,0.008178003206995856,0.005350943865629645,1,0.08392456456464129,0,0.0,1,0.174944067214157,272,226,111
2021-08-30,139,1.0309085603928387,301.53375607166515,70.7603212272963,124.20814641223346,30.664626122778238,7.009396536142817,1063.8996888327458,152.19015194081533,218.39562765366014,60.34818994812205,9.16128873676509,0.025908393915205073,0.014990868932032447,0.01787432935625112,0.007487045041476112,0.004559757739770676,0,0.0,0,0.0,0,0.0,267,182,96
2021-09-06,140,1.0272291916830607,285.14929107882665,90.0637817778472,114.78810795172993,39.014965327617304,9.102607278406756,1029.8790732617485,166.15885774825486,202.146359013194,66.17165080427222,10.934865025759775,0.025100709446957588,0.016344310577206353,0.016566459134779783,0.008203600626038537,0.005437702242842013,0,0.0,0,0.0,0,0.0,242,182,80
2021-09-13,141,1.0254789005277476,276.8591133734612,56.73188343342622,96.08441493004578,42.67490314613636,7.525377767692019,997.774464656685,139.81131230755364,176.94295853532338,72.45214600805886,9.712350772843974,0.024337283613207965,0.013788354437902876,0.014530983608763374,0.008975233881552021,0.004832706914056156,0,0.0,0,0.0,0,0.0,197,134,101
2021-09-20,142,1.0245854237514538,257.1854577873605,85.10145515977518,110.29581400096646,37.03706522904617,8.582692773326624,955.62758304704,155.007111313552,181.0729974150958,69.64053093267266,10.525162927895419,0.02333324232693745,0.015264106623899923,0.014865110606719186,0.008629942147450744,0.005235031683248268,0,0.0,0,0.0,0,0.0,171,149,107
2021-09-27,143,1.0249427970538465,691.5355402473261,82.33238502138151,96.59053912730275,34.71004396152038,7.855066755892038,1360.4748483802541,159.8359406781575,169.01973809334106,66.04828288122307,9.960099341471121,0.03289311482441872,0.015732137960830953,0.01388934702474427,0.008188431381126121,0.0049553716736637585,0,0.0,0,0.0,1,0.17779614477142774,190,143,126
2021-10-04,144,1.0221316773591698,205.158718443079,81.03229620835195,108.50652341142853,33.92185383748552,9.626362581946669,1157.4911123092568,160.95026654743072,176.11441864876497,63.643581134035905,11.618382450240894,0.02812346139250159,0.01584008014263411,0.014463926059944919,0.007892658014168497,0.005775639431217161,0,0.0,0,0.0,0,0.0,179,137,82
2021-10-11,145,1.0106597661812535,252.23721814657952,84.59606967015732,117.2087443013497,39.237808211720065,7.396317708333212,1062.4809967630592,165.07120294387266,187.65451176085568,67.87741972203622,9.719994198381391,0.02587473944515954,0.016239060174617067,0.015397098069999657,0.008413293384466768,0.004836491763251036,0,0.0,0,0.0,0,0.0,178,143,85
2021-10-18,146,1.011199963443709,255.70284970261474,72.54578680841527,110.76205520765498,49.31033923363149,8.594810616070136,999.4395474367561,155.0813882803516,185.82385991199726,79.85517810854779,10.538809455746414,0.02437690754968479,0.0152713092441904,0.015249183153164272,0.009883243739925728,0.005241783648334186,0,0.0,0,0.0,0,0.0,168,147,88
2021-10-25,147,1.0089606000484561,167.70839533909924,72.69073329863808,116.2256742590463,36.291537459607284,5.100833872989822,867.3160785448285,150.23142743881388,190.5552182238452,72.22636760845378,7.208595764139105,0.021222731555894023,0.014800788387218227,0.015631381410666292,0.008947515136378936,0.0035913535739890605,0,0.0,0,0.0,0,0.0,183,131,99
2021-11-01,148,1.0074664667988704,281.8774072224069,77.83321728617777,87.22352233783134,32.28119952320011,8.9154131091267,888.9986622037868,152.9489310055847,163.44560962736944,64.7830649470043,10.35713226195452,0.021741756738727448,0.01506448343677782,0.013437443210828534,0.008032834166188451,0.005151886744770163,0,0.0,0,0.0,0,0.0,177,132,102
2021-11-08,149,1.0109623756753077,274.6357937658146,75.0688261244098,125.44409485848223,36.232429079476304,7.698552060423312,896.9348573084653,151.54329162720217,190.82233870943003,65.38480830562824,9.769978512814216,0.021931591216748095,0.014928103764497776,0.015652950507162526,0.0081068429913345,0.00486124214077662,0,0.0,0,0.0,0,0.0,205,177,82
2021-11-15,150,1.0121091102436786,341.05958621666247,67.47232592002091,116.23871122802345,36.95735263520435,8.243437218736219,968.9139863325881,143.243971733622,192.56764671179548,66.38051637273706,10.197432921299061,0.02364997975430401,0.014122106510777301,0.015793855100219918,0.008229281551744454,0.005072851429563188,0,0.0,0,0.0,0,0.0,163,128,113
2021-11-22,151,1.0127833375810245,851.3809655898481,89.14638080950654,110.16759993145531,42.35082403241528,9.977035226240506,1529.6207560226599,160.76836667631756,187.1946586161735,72.22205640014695,12.016521810500318,0.0368320424838176,0.015822461537808523,0.01535994655536494,0.008946985835564933,0.005972377304182039,0,0.0,0,0.0,0,0.0,177,131,84
2021-11-29,152,1.0120835803739407,244.55108811153673,70.76914351498043,87.8598507641359,28.005229869638203,6.504596946719737,1315.2856173273985,151.15332685313922,162.7377142106053,60.50515524970433,8.9079013088198,0.03183532674831068,0.014890261430027755,0.013380023316663901,0.007506372626075191,0.0044342009422215075,1,0.09936039507715962,0,0.0,0,0.0,164,108,90
2021-12-06,153,1.0119008809042307,178.69833642606673,45.47794741910933,80.96751802809112,34.67957109328234,27.53942967658409,1099.3982685552457,121.05461084567894,146.06260371233324,61.90689095564929,29.32100993834805,0.02674974123395828,0.011960671639490744,0.012025510527805984,0.007678938964812445,0.01444868002388584,0,0.0,0,0.0,0,0.0,138,116,85
2021-12-13,154,1.006743307827427,208.53298997508253,72.69511204504643,106.39546830774918,27.11777954353867,7.689444591534652,978.1117779637544,133.2224174678859,164.8205097926825,54.97588047358085,13.553646579204262,0.02386912757873193,0.013147092995633254,0.013548947118455381,0.006825083189491639,0.006731207088636722,0,0.0,0,0.0,0,0.0,151,101,96
2021-12-20,155,1.0074431135253825,227.99182603718293,146.78141722117095,85.06815905728654,105.62883111738518,6.597195675136897,912.670070611811,213.39262595511389,150.99636297435953,130.36797733049656,9.30792499097775,0.022307761117439158,0.02089341257799323,0.012426665144470354,0.016034695808848403,0.004632403463505746,0,0.0,0,0.0,0,0.0,175,120,104
2021-12-27,156,1.0028954017923544,268.834882213588,66.12238841365932,105.63050036732413,31.27144586748057,6.7036657386639185,907.7039316418557,172.81870139121628,166.02904555706795,89.93703566620403,8.565250736859468,0.02218907062490379,0.016988280875150356,0.013646938120511916,0.011117149029676933,0.004264362700548182,0,0.0,0,0.0,0,0.0,149,121,102
